laboratory,laboratory-content
dictatum-soul,3c4d47c139a09444166d4387ffc0b910ff38b6f98db595f58fd4c4017481dff7
who-we-are-nl,97720381-25cb-43d9-b951-d22b59e8dee8
nasim-xp-nodejs,c2963798-0dbd-429d-ba24-f595ddaac5c2
nasim-xp-react,832d7077-7b5b-4ca8-b5a9-1d06ccc872df
enkhe-change-of,e6830f84-bc1c-41db-a878-70d9cf0832f7
enkhe-change-of,d123c846-dccd-46cf-96fd-921ff5c29a9c
vinona-love-story,24a874a2-b1d4-4deb-8421-bce7fc915e72
vinona-love-story,7719a16d-3247-41d8-afd4-9740292861ee
kzleks-how-to-make,35ca1210-eaff-4447-83d3-4f12e46483da
plato,f72362ac-dc74-4419-ac5c-5870b6d9e05c
dialogue-ontonomy,3e54cfd3-1249-4b87-b9ca-20ce9433b20f
brochure-nerds,brochure1
brochure-historians,brochure2
dialogue-mindbook,66df6092-6775-462d-9cea-2953712dc90b
spec-comma_separated_value_store,spec-comma_separated_value_store-content
spec-csvs,spec-csvs-content
spec-ff,spec-ff-content
spec-qon,spec-qon-content
spec-store_object_notation,spec-store_object_notation-content
nlkb-SUMMARY,nlkb-SUMMARY-content
nlkb-consultation,nlkb-consultation-content
nlkb-csvs-README,nlkb-csvs-README-content
nlkb-csvs-getting_started,nlkb-csvs-getting_started-content
nlkb-csvs-requirements,nlkb-csvs-requirements-content
nlkb-csvs-scenarios,nlkb-csvs-scenarios-content
nlkb-csvs-tutorial,nlkb-csvs-tutorial-content
nlkb-csvs-wip,nlkb-csvs-wip-content
nlkb-evenor-01_running_search_queries,nlkb-evenor-01_running_search_queries-content
nlkb-evenor-02_cloning_from_git,nlkb-evenor-02_cloning_from_git-content
nlkb-evenor-03_editing_dataset_schema,nlkb-evenor-03_editing_dataset_schema-content
nlkb-evenor-04_adding_a_family_tree,nlkb-evenor-04_adding_a_family_tree-content
nlkb-evenor-05_caching_a_hard_drive,nlkb-evenor-05_caching_a_hard_drive-content
nlkb-evenor-06_publishing_to_social_media,nlkb-evenor-06_publishing_to_social_media-content
nlkb-evenor-07_merging_datasets,nlkb-evenor-07_merging_datasets-content
nlkb-evenor-08_navigation_links,nlkb-evenor-08_navigation_links-content
nlkb-evenor-getting_started,nlkb-evenor-getting_started-content
nlkb-evenor-overview,nlkb-evenor-overview-content
nlkb-evenor-privacy,nlkb-evenor-privacy-content
nlkb-evenor-requirements,nlkb-evenor-requirements-content
nlkb-evenor-tutorial,nlkb-evenor-tutorial-content
nlkb-evenor-user_guides,nlkb-evenor-user_guides-content
nlkb-getting_started,nlkb-getting_started-content
nlkb-guanbo-01_playing_song_chords,nlkb-guanbo-01_playing_song_chords-content
nlkb-guanbo-02_extempore,nlkb-guanbo-02_extempore-content
nlkb-guanbo-getting_started,nlkb-guanbo-getting_started-content
nlkb-guanbo-overview,nlkb-guanbo-overview-content
nlkb-guanbo-reference,nlkb-guanbo-reference-content
nlkb-guanbo-requirements,nlkb-guanbo-requirements-content
nlkb-guanbo-tutorial,nlkb-guanbo-tutorial-content
nlkb-guanbo-user_guides,nlkb-guanbo-user_guides-content
nlkb-guide-01_nested_records,nlkb-guide-01_nested_records-content
nlkb-guide-02_lists_of_values,nlkb-guide-02_lists_of_values-content
nlkb-guide-03_dataset_settings,nlkb-guide-03_dataset_settings-content
nlkb-guide-04_asset_storage,nlkb-guide-04_asset_storage-content
nlkb-guide-05_branch_metadata,nlkb-guide-05_branch_metadata-content
nlkb-guide-06_writing_a_client,nlkb-guide-06_writing_a_client-content
nlkb-guide-07_deleting_values,nlkb-guide-07_deleting_values-content
nlkb-guide-08_version_control,nlkb-guide-08_version_control-content
nlkb-guide-09_unique_keys,nlkb-guide-09_unique_keys-content
nlkb-guide-10_description_blobs,nlkb-guide-10_description_blobs-content
nlkb-guide-overview,nlkb-guide-overview-content
nlkb-license,nlkb-license-content
nlkb-morio-getting_started,nlkb-morio-getting_started-content
nlkb-morio-overview,nlkb-morio-overview-content
nlkb-morio-requirements,nlkb-morio-requirements-content
nlkb-panrec-01_import_from_filesystem,nlkb-panrec-01_import_from_filesystem-content
nlkb-panrec-02_import_from_telegram,nlkb-panrec-02_import_from_telegram-content
nlkb-panrec-03_import_from_vk,nlkb-panrec-03_import_from_vk-content
nlkb-panrec-04_merge_csvs_datasets,nlkb-panrec-04_merge_csvs_datasets-content
nlkb-panrec-05_edit_csvs_schema,nlkb-panrec-05_edit_csvs_schema-content
nlkb-panrec-06_map_csvs_schemas,nlkb-panrec-06_map_csvs_schemas-content
nlkb-panrec-getting_started,nlkb-panrec-getting_started-content
nlkb-panrec-overview,nlkb-panrec-overview-content
nlkb-panrec-reference,nlkb-panrec-reference-content
nlkb-panrec-requirements,nlkb-panrec-requirements-content
nlkb-panrec-tutorial,nlkb-panrec-tutorial-content
nlkb-panrec-user_guides,nlkb-panrec-user_guides-content
nlkb-projects,nlkb-projects-content
nlkb-ref-00_data_types,nlkb-ref-00_data_types-content
nlkb-ref-01_sow_and_mow,nlkb-ref-01_sow_and_mow-content
nlkb-ref-02_schema,nlkb-ref-02_schema-content
nlkb-ref-03_insert,nlkb-ref-03_insert-content
nlkb-ref-04_update,nlkb-ref-04_update-content
nlkb-ref-05_delete,nlkb-ref-05_delete-content
nlkb-ref-06_select,nlkb-ref-06_select-content
nlkb-ref-overview,nlkb-ref-overview-content
nlkb-requirements,nlkb-requirements-content
nlkb-retina-api,nlkb-retina-api-content
nlkb-retina-getting_started,nlkb-retina-getting_started-content
nlkb-retina-overview,nlkb-retina-overview-content
nlkb-retina-privacy,nlkb-retina-privacy-content
nlkb-retina-reference,nlkb-retina-reference-content
nlkb-retina-requirements,nlkb-retina-requirements-content
