dialogues,dialogue-ontonomy
dialogues,dialogue-mindbook
devnotes,dictatum-soul
devnotes,who-we-are-nl
devnotes,nasim-xp-nodejs
devnotes,nasim-xp-react
devnotes,enkhe-change-of
devnotes,vinona-love-story
devnotes,kzleks-how-to-make
devnotes,plato
brochures,brochure-nerds
brochures,brochure-historians
brochures,brochure-scholars
brochures,brochure-artists
specs,spec-comma_separated_value_store
specs,spec-csvs
specs,spec-ff
specs,spec-qon
specs,spec-store_object_notation
archive,nlkb-SUMMARY
archive,nlkb-consultation
archive,nlkb-csvs-README
archive,nlkb-csvs-getting_started
archive,nlkb-csvs-requirements
archive,nlkb-csvs-scenarios
archive,nlkb-csvs-tutorial
archive,nlkb-csvs-wip
archive,nlkb-evenor-01_running_search_queries
archive,nlkb-evenor-02_cloning_from_git
archive,nlkb-evenor-03_editing_dataset_schema
archive,nlkb-evenor-04_adding_a_family_tree
archive,nlkb-evenor-05_caching_a_hard_drive
archive,nlkb-evenor-06_publishing_to_social_media
archive,nlkb-evenor-07_merging_datasets
archive,nlkb-evenor-08_navigation_links
archive,nlkb-evenor-getting_started
archive,nlkb-evenor-overview
archive,nlkb-evenor-privacy
archive,nlkb-evenor-requirements
archive,nlkb-evenor-tutorial
archive,nlkb-evenor-user_guides
archive,nlkb-getting_started
archive,nlkb-guanbo-01_playing_song_chords
archive,nlkb-guanbo-02_extempore
archive,nlkb-guanbo-getting_started
archive,nlkb-guanbo-overview
archive,nlkb-guanbo-reference
archive,nlkb-guanbo-requirements
archive,nlkb-guanbo-tutorial
archive,nlkb-guanbo-user_guides
archive,nlkb-guide-01_nested_records
archive,nlkb-guide-02_lists_of_values
archive,nlkb-guide-03_dataset_settings
archive,nlkb-guide-04_asset_storage
archive,nlkb-guide-05_branch_metadata
archive,nlkb-guide-06_writing_a_client
archive,nlkb-guide-07_deleting_values
archive,nlkb-guide-08_version_control
archive,nlkb-guide-09_unique_keys
archive,nlkb-guide-10_description_blobs
archive,nlkb-guide-overview
archive,nlkb-license
archive,nlkb-morio-getting_started
archive,nlkb-morio-overview
archive,nlkb-morio-requirements
archive,nlkb-panrec-01_import_from_filesystem
archive,nlkb-panrec-02_import_from_telegram
archive,nlkb-panrec-03_import_from_vk
archive,nlkb-panrec-04_merge_csvs_datasets
archive,nlkb-panrec-05_edit_csvs_schema
archive,nlkb-panrec-06_map_csvs_schemas
archive,nlkb-panrec-getting_started
archive,nlkb-panrec-overview
archive,nlkb-panrec-reference
archive,nlkb-panrec-requirements
archive,nlkb-panrec-tutorial
archive,nlkb-panrec-user_guides
archive,nlkb-projects
archive,nlkb-ref-00_data_types
archive,nlkb-ref-01_sow_and_mow
archive,nlkb-ref-02_schema
archive,nlkb-ref-03_insert
archive,nlkb-ref-04_update
archive,nlkb-ref-05_delete
archive,nlkb-ref-06_select
archive,nlkb-ref-overview
archive,nlkb-requirements
archive,nlkb-retina-api
archive,nlkb-retina-getting_started
archive,nlkb-retina-overview
archive,nlkb-retina-privacy
archive,nlkb-retina-reference
archive,nlkb-retina-requirements
