dialogues,devnotes
dialogues,specs
dialogues,archive
dialogues,brochures
dialogues,roadmap
devnotes,dialogues
devnotes,specs
devnotes,archive
devnotes,brochures
devnotes,roadmap
specs,dialogues
specs,devnotes
specs,archive
specs,brochures
specs,roadmap
archive,dialogues
archive,devnotes
archive,specs
archive,brochures
archive,roadmap
brochures,dialogues
brochures,devnotes
brochures,specs
brochures,archive
brochures,roadmap
roadmap,dialogues
roadmap,devnotes
roadmap,specs
roadmap,archive
roadmap,brochures
